timestamp,IN,OUT
2026-10-03 00:00:00,366301405,93014267
2026-10-03 00:05:00,985896522,536342066
2026-10-03 00:10:00,547558230,684820170
2026-10-03 00:15:00,799701731,75605346
2026-10-03 00:20:00,921531482,279820209
2026-10-03 00:25:00,255880558,678797555
2026-10-03 00:30:00,229992079,589155570
2026-10-03 00:35:00,52836652,804161068
2026-10-03 00:40:00,865252234,251807
2026-10-03 00:45:00,515558656,432618657
2026-10-03 00:50:00,441409065,934548943
2026-10-03 00:55:00,671598535,774876856
2026-10-03 01:00:00,38051848,860976033
2026-10-03 01:05:00,983230487,337280091
2026-10-03 01:10:00,86912060,243586435
2026-10-03 01:15:00,295392610,886431456
2026-10-03 01:20:00,801797984,201999909
2026-10-03 01:25:00,510089753,785479214
2026-10-03 01:30:00,594400959,65593101
2026-10-03 01:35:00,37509263,144338457
2026-10-03 01:40:00,147474001,310037532
2026-10-03 01:45:00,561660743,620471144
2026-10-03 01:50:00,248792266,746096964
2026-10-03 01:55:00,383521044,588259359
2026-10-03 02:00:00,911921446,312492517
2026-10-03 02:05:00,886699449,998221116
2026-10-03 02:10:00,148645275,105404625
2026-10-03 02:15:00,290730723,548031688
2026-10-03 02:20:00,360392357,192938459
2026-10-03 02:25:00,326558093,671743654
2026-10-03 02:30:00,58404998,438596560
2026-10-03 02:35:00,623710752,50059924
2026-10-03 02:40:00,685187234,743893915
2026-10-03 02:45:00,903397479,768678078
2026-10-03 02:50:00,234767394,725802277
2026-10-03 02:55:00,805669483,499737823
2026-10-03 03:00:00,753536760,212495384
2026-10-03 03:05:00,236550723,749897088
2026-10-03 03:10:00,853732934,246623871
2026-10-03 03:15:00,252513364,247580867
2026-10-03 03:20:00,2184337,822055918
2026-10-03 03:25:00,864614250,433521960
2026-10-03 03:30:00,574459445,861777648
2026-10-03 03:35:00,672549980,829255924
2026-10-03 03:40:00,806051851,413642031
2026-10-03 03:45:00,732600224,372737877
2026-10-03 03:50:00,279682830,531731802
2026-10-03 03:55:00,291364345,787837136
2026-10-03 04:00:00,568023948,965314043
2026-10-03 04:05:00,654957471,582908478
2026-10-03 04:10:00,979846648,600759336
2026-10-03 04:15:00,649071107,335585825
2026-10-03 04:20:00,208494925,809277784
2026-10-03 04:25:00,262942632,241396463
2026-10-03 04:30:00,485799238,975797253
2026-10-03 04:35:00,560777063,435104824
2026-10-03 04:40:00,246181517,934126829
2026-10-03 04:45:00,311708339,705975469
2026-10-03 04:50:00,686820213,577185859
2026-10-03 04:55:00,227305918,258181164
2026-10-03 05:00:00,414164035,438049020
2026-10-03 05:05:00,466117735,317973982
2026-10-03 05:10:00,281096616,741850059
2026-10-03 05:15:00,589349602,99858570
2026-10-03 05:20:00,914633181,654766692
2026-10-03 05:25:00,234859122,286674039
2026-10-03 05:30:00,72130261,315443509
2026-10-03 05:35:00,81688359,712143386
2026-10-03 05:40:00,592389624,557919515
2026-10-03 05:45:00,529345174,685434509
2026-10-03 05:50:00,322203672,123882652
2026-10-03 05:55:00,180567789,887455631
2026-10-03 06:00:00,423648976,625192366
2026-10-03 06:05:00,462452936,115262433
2026-10-03 06:10:00,952504098,755150012
2026-10-03 06:15:00,642655578,682546373
2026-10-03 06:20:00,975984537,499609893
2026-10-03 06:25:00,488594720,799461322
2026-10-03 06:30:00,768614249,990351986
2026-10-03 06:35:00,218949440,27876488
2026-10-03 06:40:00,483582306,432809118
2026-10-03 06:45:00,330625530,835579266
2026-10-03 06:50:00,196441002,719209192
2026-10-03 06:55:00,268142857,891965343
2026-10-03 07:00:00,416033189,376578846
2026-10-03 07:05:00,795018536,691521854
2026-10-03 07:10:00,858509406,771666223
2026-10-03 07:15:00,278627989,297869549
2026-10-03 07:20:00,184216232,164518606
2026-10-03 07:25:00,503367513,510893546
2026-10-03 07:30:00,565121247,885983717
2026-10-03 07:35:00,637850289,291890369
2026-10-03 07:40:00,973940535,345696223
2026-10-03 07:45:00,608741510,689585591
2026-10-03 07:50:00,789777895,561381172
2026-10-03 07:55:00,777432947,911572847
2026-10-03 08:00:00,284373443,917602023
2026-10-03 08:05:00,811350617,905177512
2026-10-03 08:10:00,731268816,882466844
2026-10-03 08:15:00,875284666,571306726
2026-10-03 08:20:00,914667237,369453182
2026-10-03 08:25:00,15243936,884879647
2026-10-03 08:30:00,878346111,913009208
2026-10-03 08:35:00,242904196,422274869
2026-10-03 08:40:00,774980377,598523684
2026-10-03 08:45:00,655026613,571849145
2026-10-03 08:50:00,480833571,293473485
2026-10-03 08:55:00,375284533,146907766
2026-10-03 09:00:00,608313704,6548914
2026-10-03 09:05:00,611431754,320391216
2026-10-03 09:10:00,835029163,40631618
2026-10-03 09:15:00,485600479,206287482
2026-10-03 09:20:00,772654591,776815556
2026-10-03 09:25:00,466061487,923661880
2026-10-03 09:30:00,506266721,728483289
2026-10-03 09:35:00,28217928,407508986
2026-10-03 09:40:00,90959457,611133851
2026-10-03 09:45:00,183594709,82763966
2026-10-03 09:50:00,411352495,162448434
2026-10-03 09:55:00,593896683,277336114
2026-10-03 10:00:00,404063970,490847748
2026-10-03 10:05:00,719546984,10778753
2026-10-03 10:10:00,412007633,17578744
2026-10-03 10:15:00,295119222,794312321
2026-10-03 10:20:00,906334652,410129171
2026-10-03 10:25:00,723831495,723720977
2026-10-03 10:30:00,437273714,701892026
2026-10-03 10:35:00,714541967,29858402
2026-10-03 10:40:00,588371789,940656364
2026-10-03 10:45:00,818895581,546246483
2026-10-03 10:50:00,589149489,135142275
2026-10-03 10:55:00,58314225,867439267
2026-10-03 11:00:00,484757330,273585469
2026-10-03 11:05:00,941526386,761190821
2026-10-03 11:10:00,286040465,516168079
2026-10-03 11:15:00,169266403,618221737
2026-10-03 11:20:00,231044955,947678094
2026-10-03 11:25:00,679960120,652905019
2026-10-03 11:30:00,324709214,597265329
2026-10-03 11:35:00,159330842,393815459
2026-10-03 11:40:00,850325686,876497519
2026-10-03 11:45:00,55599216,737130568
2026-10-03 11:50:00,575425397,217687548
2026-10-03 11:55:00,708539711,468939574
2026-10-03 12:00:00,622779624,248097014
2026-10-03 12:05:00,357913318,257567122
2026-10-03 12:10:00,162591989,554352086
2026-10-03 12:15:00,230970500,501495446
2026-10-03 12:20:00,268037487,201320903
2026-10-03 12:25:00,388040663,336590889
2026-10-03 12:30:00,348265701,765160104
2026-10-03 12:35:00,231736744,376656968
2026-10-03 12:40:00,627620543,81997558
2026-10-03 12:45:00,568169208,271941138
2026-10-03 12:50:00,460341955,74133488
2026-10-03 12:55:00,706199926,944593605
2026-10-03 13:00:00,698743828,672494248
2026-10-03 13:05:00,663108374,628871238
2026-10-03 13:10:00,172455125,323017756
2026-10-03 13:15:00,42969950,226293101
2026-10-03 13:20:00,19857878,181872368
2026-10-03 13:25:00,656527075,295538191
2026-10-03 13:30:00,333090511,704034579
2026-10-03 13:35:00,866872690,735797508
2026-10-03 13:40:00,387096621,836590933
2026-10-03 13:45:00,971129828,986613498
2026-10-03 13:50:00,330381231,121948849
2026-10-03 13:55:00,906515717,875780043
2026-10-03 14:00:00,980011117,149153001
2026-10-03 14:05:00,701820295,86431820
2026-10-03 14:10:00,278609517,269510673
2026-10-03 14:15:00,52273301,218457298
2026-10-03 14:20:00,488587047,343228189
2026-10-03 14:25:00,334281321,437986850
2026-10-03 14:30:00,487905388,912891126
2026-10-03 14:35:00,21149447,475012225
2026-10-03 14:40:00,591709458,856656228
2026-10-03 14:45:00,752525278,155628370
2026-10-03 14:50:00,20613753,537633658
2026-10-03 14:55:00,163704973,323448880
2026-10-03 15:00:00,383577030,291512117
2026-10-03 15:05:00,212906678,630556249
2026-10-03 15:10:00,868335843,896576731
2026-10-03 15:15:00,235385549,717751684
2026-10-03 15:20:00,660479937,100918204
2026-10-03 15:25:00,128864880,494664582
2026-10-03 15:30:00,177597215,276584681
2026-10-03 15:35:00,787363723,629878135
2026-10-03 15:40:00,356154268,34225252
2026-10-03 15:45:00,284947638,285788885
2026-10-03 15:50:00,943092948,169257048
2026-10-03 15:55:00,624394025,650449084
2026-10-03 16:00:00,900565234,606756039
2026-10-03 16:05:00,692482994,498769349
2026-10-03 16:10:00,167043526,422385992
2026-10-03 16:15:00,614307700,821412099
2026-10-03 16:20:00,78436612,181084376
2026-10-03 16:25:00,450744056,518508831
2026-10-03 16:30:00,687586106,674746878
2026-10-03 16:35:00,256626279,478071097
2026-10-03 16:40:00,779455730,782364565
2026-10-03 16:45:00,918384207,435028173
2026-10-03 16:50:00,101445436,234493793
2026-10-03 16:55:00,108872061,928125959
2026-10-03 17:00:00,914272614,966811340
2026-10-03 17:05:00,726838922,555965237
2026-10-03 17:10:00,341899796,500275222
2026-10-03 17:15:00,766333224,162957051
2026-10-03 17:20:00,710276348,980594707
2026-10-03 17:25:00,965819206,330337951
2026-10-03 17:30:00,639298327,723858242
2026-10-03 17:35:00,390514030,646323015
2026-10-03 17:40:00,28135714,631168335
2026-10-03 17:45:00,973164870,982911124
2026-10-03 17:50:00,923517887,375673299
2026-10-03 17:55:00,282244760,275481776
2026-10-03 18:00:00,7467882,848424548
2026-10-03 18:05:00,110423264,454595240
2026-10-03 18:10:00,768122630,858103946
2026-10-03 18:15:00,430293837,530200511
2026-10-03 18:20:00,980718551,997329590
2026-10-03 18:25:00,268955965,874835169
2026-10-03 18:30:00,971778550,453327373
2026-10-03 18:35:00,953397655,738949460
2026-10-03 18:40:00,865200138,324506781
2026-10-03 18:45:00,185690294,959180487
2026-10-03 18:50:00,705389411,11152749
2026-10-03 18:55:00,787945699,744005661
2026-10-03 19:00:00,948351507,132005959
2026-10-03 19:05:00,472911124,655428292
2026-10-03 19:10:00,533992921,68717972
2026-10-03 19:15:00,810669176,879666771
2026-10-03 19:20:00,95759453,801460524
2026-10-03 19:25:00,197227863,252207298
2026-10-03 19:30:00,762642710,987059756
2026-10-03 19:35:00,164043830,717231758
2026-10-03 19:40:00,172086214,824234131
2026-10-03 19:45:00,933165081,38771566
2026-10-03 19:50:00,503461693,996891807
2026-10-03 19:55:00,93944687,36819043
2026-10-03 20:00:00,8166549,740124110
2026-10-03 20:05:00,812577830,891040468
2026-10-03 20:10:00,923117845,142114914
2026-10-03 20:15:00,396555689,523589183
2026-10-03 20:20:00,799482767,567056739
2026-10-03 20:25:00,339584840,664289188
2026-10-03 20:30:00,697131994,525216942
2026-10-03 20:35:00,814683640,503675679
2026-10-03 20:40:00,259933746,986071289
2026-10-03 20:45:00,24039215,826070876
2026-10-03 20:50:00,115367091,360389120
2026-10-03 20:55:00,247121159,869104561
2026-10-03 21:00:00,652544463,710323306
2026-10-03 21:05:00,578472426,823570457
2026-10-03 21:10:00,664054280,41941716
2026-10-03 21:15:00,527381832,119153051
2026-10-03 21:20:00,725905914,120080549
2026-10-03 21:25:00,382488033,690436810
2026-10-03 21:30:00,511014529,60060139
2026-10-03 21:35:00,297845698,480614809
2026-10-03 21:40:00,924987722,496357715
2026-10-03 21:45:00,625275705,492142250
2026-10-03 21:50:00,401416967,526191712
2026-10-03 21:55:00,471746449,241702712
2026-10-03 22:00:00,385786725,267224409
2026-10-03 22:05:00,929344585,288993567
2026-10-03 22:10:00,419941445,85727676
2026-10-03 22:15:00,428934610,849032697
2026-10-03 22:20:00,210918350,245557274
2026-10-03 22:25:00,25688019,644197025
2026-10-03 22:30:00,827136225,371212864
2026-10-03 22:35:00,210488259,635872743
2026-10-03 22:40:00,538321048,891104441
2026-10-03 22:45:00,355730054,800034061
2026-10-03 22:50:00,733548551,777786554
2026-10-03 22:55:00,461997589,744099478
2026-10-03 23:00:00,351388947,222867419
2026-10-03 23:05:00,191879324,393790168
2026-10-03 23:10:00,993358044,619446984
2026-10-03 23:15:00,653117795,843428902
2026-10-03 23:20:00,391422272,766699814
2026-10-03 23:25:00,289349359,682399246
2026-10-03 23:30:00,531496926,899570725
2026-10-03 23:35:00,246378785,215426219
2026-10-03 23:40:00,388921273,65484707
2026-10-03 23:45:00,275988017,127259276
2026-10-03 23:50:00,70329746,469365240
2026-10-03 23:55:00,341241518,102394411
