timestamp,ifInOctets_rate,ifOutOctets_rate
2026-10-03 00:00:00,5320390,1782856
2026-10-03 00:05:00,5331887,1677763
2026-10-03 00:10:00,5068780,1552373
2026-10-03 00:15:00,6121561,1593953
2026-10-03 00:20:00,5918606,1620599
2026-10-03 00:25:00,5432704,1655092
2026-10-03 00:30:00,5289141,1335400
2026-10-03 00:35:00,4900477,1734279
2026-10-03 00:40:00,4742162,1513246
2026-10-03 00:45:00,9202892,1769995
2026-10-03 00:50:00,4614797,1683118
2026-10-03 00:55:00,4789589,1596615
2026-10-03 01:00:00,5881486,1875330
2026-10-03 01:05:00,7392091,1600630
2026-10-03 01:10:00,5366362,1823453
2026-10-03 01:15:00,5797636,1795543
2026-10-03 01:20:00,6394913,1541049
2026-10-03 01:25:00,6494119,1496252
2026-10-03 01:30:00,6352227,1563774
2026-10-03 01:35:00,4936832,1602614
2026-10-03 01:40:00,5107117,1545778
2026-10-03 01:45:00,4532513,1379623
2026-10-03 01:50:00,4762025,1121051
2026-10-03 01:55:00,3708296,1479801
2026-10-03 02:00:00,5113544,1204988
2026-10-03 02:05:00,4542894,1013881
2026-10-03 02:10:00,4170611,1350234
2026-10-03 02:15:00,5176089,1503618
2026-10-03 02:20:00,4736270,1261173
2026-10-03 02:25:00,4868351,1697195
2026-10-03 02:30:00,4839775,1396476
2026-10-03 02:35:00,4558967,1588783
2026-10-03 02:40:00,4856548,1729736
2026-10-03 02:45:00,4320309,1492438
2026-10-03 02:50:00,4602671,1416178
2026-10-03 02:55:00,4894730,1280312
2026-10-03 03:00:00,4695458,1277031
2026-10-03 03:05:00,4824146,1581897
2026-10-03 03:10:00,4540437,1570886
2026-10-03 03:15:00,6006760,1260455
2026-10-03 03:20:00,5086835,1668925
2026-10-03 03:25:00,6492255,1735766
2026-10-03 03:30:00,7385113,1878570
2026-10-03 03:35:00,6882474,2171295
2026-10-03 03:40:00,7646908,2264025
2026-10-03 03:45:00,7633329,2268979
2026-10-03 03:50:00,8426877,2668436
2026-10-03 03:55:00,8173215,2612553
2026-10-03 04:00:00,8768991,2894300
2026-10-03 04:05:00,8924281,2399286
2026-10-03 04:10:00,10138234,2666378
2026-10-03 04:15:00,8117770,2739845
2026-10-03 04:20:00,11460070,2927852
2026-10-03 04:25:00,9264934,3048800
2026-10-03 04:30:00,10464963,3503715
2026-10-03 04:35:00,9584033,2988995
2026-10-03 04:40:00,12594249,3155073
2026-10-03 04:45:00,12059769,3994574
2026-10-03 04:50:00,13442134,4004753
2026-10-03 04:55:00,14434200,4649942
2026-10-03 05:00:00,16470946,4839078
2026-10-03 05:05:00,12116467,4352745
2026-10-03 05:10:00,16911956,4526545
2026-10-03 05:15:00,13487829,4414504
2026-10-03 05:20:00,15632811,4618783
2026-10-03 05:25:00,16413100,4943460
2026-10-03 05:30:00,10874286,3545764
2026-10-03 05:35:00,14446045,3750557
2026-10-03 05:40:00,12716679,4933934
2026-10-03 05:45:00,15828803,4545694
2026-10-03 05:50:00,15170705,9700797
2026-10-03 05:55:00,19114930,4794922
2026-10-03 06:00:00,21297210,5440826
2026-10-03 06:05:00,21047639,6887196
2026-10-03 06:10:00,30990810,9461712
2026-10-03 06:15:00,30642318,9309581
2026-10-03 06:20:00,33898656,8232227
2026-10-03 06:25:00,31630420,9574720
2026-10-03 06:30:00,35509131,10136778
2026-10-03 06:35:00,32644795,10632108
2026-10-03 06:40:00,33630512,10981509
2026-10-03 06:45:00,32005846,10358106
2026-10-03 06:50:00,38297781,9104361
2026-10-03 06:55:00,34333055,9576602
2026-10-03 07:00:00,46809112,23511020
2026-10-03 07:05:00,37542612,13013671
2026-10-03 07:10:00,50166812,11522124
2026-10-03 07:15:00,48871739,15319881
2026-10-03 07:20:00,48388241,22399650
2026-10-03 07:25:00,43580608,16612503
2026-10-03 07:30:00,55923315,15504527
2026-10-03 07:35:00,46658374,16026888
2026-10-03 07:40:00,47886007,17488320
2026-10-03 07:45:00,44016172,16136482
2026-10-03 07:50:00,53986085,13412052
2026-10-03 07:55:00,51325640,14336090
2026-10-03 08:00:00,90025561,15122891
2026-10-03 08:05:00,37468778,10796560
2026-10-03 08:10:00,36392523,12345251
2026-10-03 08:15:00,55531154,14230393
2026-10-03 08:20:00,37249958,13752554
2026-10-03 08:25:00,50818636,13503686
2026-10-03 08:30:00,51384249,15639518
2026-10-03 08:35:00,57494685,14076220
2026-10-03 08:40:00,50898957,14575389
2026-10-03 08:45:00,55259249,18795516
2026-10-03 08:50:00,72564998,16930162
2026-10-03 08:55:00,61720695,19760110
2026-10-03 09:00:00,64692032,21503481
2026-10-03 09:05:00,60013942,18768228
2026-10-03 09:10:00,65765732,16845746
2026-10-03 09:15:00,50058757,15478825
2026-10-03 09:20:00,58201458,18048914
2026-10-03 09:25:00,63950487,16358704
2026-10-03 09:30:00,71443179,23552686
2026-10-03 09:35:00,65400792,20145945
2026-10-03 09:40:00,92133506,25428300
2026-10-03 09:45:00,86585199,27562666
2026-10-03 09:50:00,81752602,27474020
2026-10-03 09:55:00,95661565,27473761
2026-10-03 10:00:00,92850625,25137391
2026-10-03 10:05:00,94184780,28561296
2026-10-03 10:10:00,102291780,30310862
2026-10-03 10:15:00,98776133,26753129
2026-10-03 10:20:00,92223485,32056152
2026-10-03 10:25:00,88441732,27072801
2026-10-03 10:30:00,96161738,32686101
2026-10-03 10:35:00,87072820,30111255
2026-10-03 10:40:00,98202824,25740027
2026-10-03 10:45:00,91967046,25901233
2026-10-03 10:50:00,95227706,32857845
2026-10-03 10:55:00,87653823,28849709
2026-10-03 11:00:00,87409182,23456906
2026-10-03 11:05:00,99133018,25644068
2026-10-03 11:10:00,105512380,30288069
2026-10-03 11:15:00,95325786,29543112
2026-10-03 11:20:00,94016183,29214274
2026-10-03 11:25:00,89410321,27628867
2026-10-03 11:30:00,84951670,28046887
2026-10-03 11:35:00,69269960,26972522
2026-10-03 11:40:00,80903946,20447947
2026-10-03 11:45:00,67722670,19745622
2026-10-03 11:50:00,75161350,20838303
2026-10-03 11:55:00,85552890,24713860
2026-10-03 12:00:00,88194120,20064972
2026-10-03 12:05:00,77057434,25454635
2026-10-03 12:10:00,84522470,20521691
2026-10-03 12:15:00,82219694,29228614
2026-10-03 12:20:00,105956018,27788555
2026-10-03 12:25:00,82383557,30875796
2026-10-03 12:30:00,87713471,68086695
2026-10-03 12:35:00,107003588,35509671
2026-10-03 12:40:00,104030132,34240999
2026-10-03 12:45:00,119383713,32853332
2026-10-03 12:50:00,88923097,36654590
2026-10-03 12:55:00,108701285,35339388
2026-10-03 13:00:00,97032873,32922300
2026-10-03 13:05:00,93512979,31229582
2026-10-03 13:10:00,101519681,25162554
2026-10-03 13:15:00,106958435,34342459
2026-10-03 13:20:00,89028305,26840988
2026-10-03 13:25:00,110075075,31840732
2026-10-03 13:30:00,113517705,27799897
2026-10-03 13:35:00,98072305,28759479
2026-10-03 13:40:00,110925605,33701715
2026-10-03 13:45:00,95030953,33837000
2026-10-03 13:50:00,113760284,31308289
2026-10-03 13:55:00,87532481,25888731
2026-10-03 14:00:00,82597900,28233995
2026-10-03 14:05:00,88423393,31062032
2026-10-03 14:10:00,93631000,21870775
2026-10-03 14:15:00,68621740,21829683
2026-10-03 14:20:00,78327836,18992050
2026-10-03 14:25:00,67736786,32812748
2026-10-03 14:30:00,67311328,23759448
2026-10-03 14:35:00,69336041,17636175
2026-10-03 14:40:00,60185402,19495703
2026-10-03 14:45:00,73371626,22659705
2026-10-03 14:50:00,69622628,20859096
2026-10-03 14:55:00,60634871,21450478
2026-10-03 15:00:00,69286850,17984684
2026-10-03 15:05:00,67544141,20159870
2026-10-03 15:10:00,62487295,20457809
2026-10-03 15:15:00,68311025,17175545
2026-10-03 15:20:00,67574029,18007199
2026-10-03 15:25:00,55884338,17111987
2026-10-03 15:30:00,52430414,18102690
2026-10-03 15:35:00,48933332,16611208
2026-10-03 15:40:00,49365732,16282755
2026-10-03 15:45:00,60977691,15265387
2026-10-03 15:50:00,57452962,18417025
2026-10-03 15:55:00,56208096,16324220
2026-10-03 16:00:00,54127671,14857855
2026-10-03 16:05:00,57481681,19249047
2026-10-03 16:10:00,57281990,18009738
2026-10-03 16:15:00,55112156,16787405
2026-10-03 16:20:00,64997747,18735939
2026-10-03 16:25:00,46530527,17437312
2026-10-03 16:30:00,53024763,18611595
2026-10-03 16:35:00,53295953,15435255
2026-10-03 16:40:00,51466879,13869425
2026-10-03 16:45:00,41201482,15211292
2026-10-03 16:50:00,48907329,10852111
2026-10-03 16:55:00,36192508,12138584
2026-10-03 17:00:00,39715560,11366877
2026-10-03 17:05:00,33184380,10097858
2026-10-03 17:10:00,33949403,10296724
2026-10-03 17:15:00,30442884,9786011
2026-10-03 17:20:00,33302060,9765269
2026-10-03 17:25:00,33672831,9378399
2026-10-03 17:30:00,28880613,8399059
2026-10-03 17:35:00,34019809,9727489
2026-10-03 17:40:00,28774042,9639339
2026-10-03 17:45:00,44412425,7406001
2026-10-03 17:50:00,23001219,7116358
2026-10-03 17:55:00,21850925,6388878
2026-10-03 18:00:00,20970676,5985581
2026-10-03 18:05:00,19981075,5155489
2026-10-03 18:10:00,17222682,13077285
2026-10-03 18:15:00,15114236,4796986
2026-10-03 18:20:00,16454975,3825652
2026-10-03 18:25:00,15609737,5598075
2026-10-03 18:30:00,16110911,5307500
2026-10-03 18:35:00,15579599,5962230
2026-10-03 18:40:00,13626323,5807389
2026-10-03 18:45:00,15830310,5362159
2026-10-03 18:50:00,16304631,4794798
2026-10-03 18:55:00,17425951,5122536
2026-10-03 19:00:00,12556468,4241197
2026-10-03 19:05:00,12820884,4375175
2026-10-03 19:10:00,14637726,3447087
2026-10-03 19:15:00,12596909,3524141
2026-10-03 19:20:00,10592791,3032881
2026-10-03 19:25:00,21033983,2726516
2026-10-03 19:30:00,10459199,2595230
2026-10-03 19:35:00,9932581,2645164
2026-10-03 19:40:00,9321834,2901716
2026-10-03 19:45:00,11244320,2914709
2026-10-03 19:50:00,9230378,2370485
2026-10-03 19:55:00,11378636,2807442
2026-10-03 20:00:00,8387880,2143836
2026-10-03 20:05:00,9090076,2459847
2026-10-03 20:10:00,8032742,2300554
2026-10-03 20:15:00,7818616,1970733
2026-10-03 20:20:00,6365589,1758686
2026-10-03 20:25:00,5584128,1535645
2026-10-03 20:30:00,4996853,1402435
2026-10-03 20:35:00,3739936,1129684
2026-10-03 20:40:00,5096291,1368579
2026-10-03 20:45:00,3197068,943033
2026-10-03 20:50:00,3773885,962068
2026-10-03 20:55:00,3430819,954288
2026-10-03 21:00:00,3561492,974391
2026-10-03 21:05:00,4722109,1277768
2026-10-03 21:10:00,4073171,1084764
2026-10-03 21:15:00,4726245,1333606
2026-10-03 21:20:00,4621137,1305476
2026-10-03 21:25:00,4460505,1296064
2026-10-03 21:30:00,4929698,1486383
2026-10-03 21:35:00,4443907,1236876
2026-10-03 21:40:00,3848339,1231109
2026-10-03 21:45:00,4150090,1295236
2026-10-03 21:50:00,4348224,1181185
2026-10-03 21:55:00,4459206,1312537
2026-10-03 22:00:00,4189653,1196210
2026-10-03 22:05:00,4734648,1258512
2026-10-03 22:10:00,4938742,1578218
2026-10-03 22:15:00,4824239,1712266
2026-10-03 22:20:00,4906572,1274261
2026-10-03 22:25:00,6082079,1456715
2026-10-03 22:30:00,13625556,1668447
2026-10-03 22:35:00,5472773,1973105
2026-10-03 22:40:00,5258013,1766519
2026-10-03 22:45:00,5333397,1768606
2026-10-03 22:50:00,5637687,1796991
2026-10-03 22:55:00,5661795,1782458
2026-10-03 23:00:00,5975601,3255239
2026-10-03 23:05:00,5442776,1505883
2026-10-03 23:10:00,5064527,1469490
2026-10-03 23:15:00,5007090,1676031
2026-10-03 23:20:00,4595745,1273257
2026-10-03 23:25:00,4272657,1291887
2026-10-03 23:30:00,4148785,3257724
2026-10-03 23:35:00,4569530,1624013
2026-10-03 23:40:00,5000239,1728611
2026-10-03 23:45:00,4963769,1685302
2026-10-03 23:50:00,4393142,1640538
2026-10-03 23:55:00,5114202,1602398
