timestamp,metric_a,metric_b
2026-10-03 00:00:00,863218795,822029085
2026-10-03 00:05:00,734507096,645939849
2026-10-03 00:10:00,193317197,479255465
2026-10-03 00:15:00,223826283,500004502
2026-10-03 00:20:00,898800181,959546984
2026-10-03 00:25:00,465193975,941525354
2026-10-03 00:30:00,610124037,281891716
2026-10-03 00:35:00,526052058,576941721
2026-10-03 00:40:00,411685701,978313361
2026-10-03 00:45:00,782042890,344962862
2026-10-03 00:50:00,545634845,546088278
2026-10-03 00:55:00,24703160,235959698
2026-10-03 01:00:00,975720404,801081784
2026-10-03 01:05:00,591773645,270606937
2026-10-03 01:10:00,320799353,717568425
2026-10-03 01:15:00,22290483,885711123
2026-10-03 01:20:00,965273914,706306067
2026-10-03 01:25:00,196125705,888596350
2026-10-03 01:30:00,430362712,348583379
2026-10-03 01:35:00,102397960,781429201
2026-10-03 01:40:00,49229779,285333362
2026-10-03 01:45:00,30669832,571645232
2026-10-03 01:50:00,775258919,76060605
2026-10-03 01:55:00,779341158,627527924
2026-10-03 02:00:00,252257322,135488929
2026-10-03 02:05:00,684554410,898795414
2026-10-03 02:10:00,78096918,486769175
2026-10-03 02:15:00,636311817,376326450
2026-10-03 02:20:00,325619578,469556510
2026-10-03 02:25:00,891398881,129160179
2026-10-03 02:30:00,917894285,316208760
2026-10-03 02:35:00,149765727,405184276
2026-10-03 02:40:00,939091965,291563730
2026-10-03 02:45:00,316736257,827916881
2026-10-03 02:50:00,760673130,636067233
2026-10-03 02:55:00,63453961,338243473
2026-10-03 03:00:00,513757313,811593915
2026-10-03 03:05:00,290501870,3927916
2026-10-03 03:10:00,895742557,881956341
2026-10-03 03:15:00,694117784,136699299
2026-10-03 03:20:00,256253463,809594933
2026-10-03 03:25:00,950299946,781783596
2026-10-03 03:30:00,130645930,833152223
2026-10-03 03:35:00,355027029,870372089
2026-10-03 03:40:00,802665380,640331898
2026-10-03 03:45:00,270790132,510011166
2026-10-03 03:50:00,566986151,333533840
2026-10-03 03:55:00,652427441,318266138
2026-10-03 04:00:00,562636438,427877345
2026-10-03 04:05:00,546509876,214521835
2026-10-03 04:10:00,370847648,530487371
2026-10-03 04:15:00,283144503,976130795
2026-10-03 04:20:00,580769312,531016034
2026-10-03 04:25:00,377265262,151106242
2026-10-03 04:30:00,719151610,912102072
2026-10-03 04:35:00,98221902,914528294
2026-10-03 04:40:00,802567744,818479724
2026-10-03 04:45:00,284666240,505494855
2026-10-03 04:50:00,187372275,909465608
2026-10-03 04:55:00,687033669,492433141
2026-10-03 05:00:00,211194680,261903918
2026-10-03 05:05:00,68542156,355799477
2026-10-03 05:10:00,510586065,122925975
2026-10-03 05:15:00,788960398,630878681
2026-10-03 05:20:00,217555146,568922689
2026-10-03 05:25:00,342130683,177740887
2026-10-03 05:30:00,191603644,762693494
2026-10-03 05:35:00,483627366,567605723
2026-10-03 05:40:00,541014098,102767650
2026-10-03 05:45:00,542319907,641259269
2026-10-03 05:50:00,213058872,706635415
2026-10-03 05:55:00,604226168,442187673
2026-10-03 06:00:00,122945037,98232167
2026-10-03 06:05:00,717931901,994555180
2026-10-03 06:10:00,193862293,920117106
2026-10-03 06:15:00,48028872,542894929
2026-10-03 06:20:00,374327544,747905410
2026-10-03 06:25:00,162668918,716898819
2026-10-03 06:30:00,74354977,922434195
2026-10-03 06:35:00,409172829,757440500
2026-10-03 06:40:00,500038207,252412046
2026-10-03 06:45:00,284574352,245857723
2026-10-03 06:50:00,644531424,628925043
2026-10-03 06:55:00,316666240,299984753
2026-10-03 07:00:00,175193568,189243311
2026-10-03 07:05:00,882536247,624424106
2026-10-03 07:10:00,96597090,861174999
2026-10-03 07:15:00,639744424,413346480
2026-10-03 07:20:00,585973871,612976048
2026-10-03 07:25:00,735949723,314706336
2026-10-03 07:30:00,534413513,972806786
2026-10-03 07:35:00,461334813,650673693
2026-10-03 07:40:00,239304245,64410929
2026-10-03 07:45:00,931301929,324512187
2026-10-03 07:50:00,615731509,744938699
2026-10-03 07:55:00,596718580,12315086
2026-10-03 08:00:00,154699995,324057903
2026-10-03 08:05:00,231337702,385831056
2026-10-03 08:10:00,413727126,522805695
2026-10-03 08:15:00,97132692,292083335
2026-10-03 08:20:00,680485202,71373664
2026-10-03 08:25:00,127721423,497168648
2026-10-03 08:30:00,580022460,130679854
2026-10-03 08:35:00,119635131,562967453
2026-10-03 08:40:00,636894042,353146744
2026-10-03 08:45:00,60694402,329217258
2026-10-03 08:50:00,77138564,433310654
2026-10-03 08:55:00,217682812,197589613
2026-10-03 09:00:00,345274375,713479868
2026-10-03 09:05:00,474711778,224536857
2026-10-03 09:10:00,145652597,831956010
2026-10-03 09:15:00,795794815,251149191
2026-10-03 09:20:00,83307543,372590257
2026-10-03 09:25:00,187161830,41065827
2026-10-03 09:30:00,88206334,24466346
2026-10-03 09:35:00,675006399,671136371
2026-10-03 09:40:00,907667412,282206571
2026-10-03 09:45:00,617264378,868830799
2026-10-03 09:50:00,710313172,697004699
2026-10-03 09:55:00,953648034,776339419
2026-10-03 10:00:00,868931196,891137301
2026-10-03 10:05:00,165174918,99100669
2026-10-03 10:10:00,456784445,426074404
2026-10-03 10:15:00,710675741,15834827
2026-10-03 10:20:00,169980534,140446685
2026-10-03 10:25:00,113093089,352795792
2026-10-03 10:30:00,689983599,362998592
2026-10-03 10:35:00,867444367,814671158
2026-10-03 10:40:00,9645310,902637570
2026-10-03 10:45:00,116845412,607625021
2026-10-03 10:50:00,223114016,792921506
2026-10-03 10:55:00,803255963,990847987
2026-10-03 11:00:00,740562810,273748331
2026-10-03 11:05:00,299489658,388200096
2026-10-03 11:10:00,447940465,817942205
2026-10-03 11:15:00,582308647,180848383
2026-10-03 11:20:00,309402489,714382577
2026-10-03 11:25:00,164411297,819245333
2026-10-03 11:30:00,273437620,30142309
2026-10-03 11:35:00,448820192,151273944
2026-10-03 11:40:00,220228202,734076646
2026-10-03 11:45:00,751091921,235658418
2026-10-03 11:50:00,616279480,315317231
2026-10-03 11:55:00,507366789,734175661
2026-10-03 12:00:00,165125855,894862773
2026-10-03 12:05:00,884369566,467694996
2026-10-03 12:10:00,711870419,602558659
2026-10-03 12:15:00,609747565,364506769
2026-10-03 12:20:00,511310077,522473488
2026-10-03 12:25:00,444459492,683279897
2026-10-03 12:30:00,483011366,848835280
2026-10-03 12:35:00,237934165,266260714
2026-10-03 12:40:00,434331837,190945009
2026-10-03 12:45:00,293273872,47176753
2026-10-03 12:50:00,200611339,350216847
2026-10-03 12:55:00,937803410,995672450
2026-10-03 13:00:00,286289974,671709585
2026-10-03 13:05:00,805234941,848962720
2026-10-03 13:10:00,230721744,611760767
2026-10-03 13:15:00,649882350,859324399
2026-10-03 13:20:00,922567707,353114798
2026-10-03 13:25:00,43729492,897538875
2026-10-03 13:30:00,261452793,260082646
2026-10-03 13:35:00,694319534,50968698
2026-10-03 13:40:00,961660620,614419356
2026-10-03 13:45:00,802975297,107173897
2026-10-03 13:50:00,845370797,333192660
2026-10-03 13:55:00,197073745,751390507
2026-10-03 14:00:00,25890199,269171389
2026-10-03 14:05:00,384288589,36758345
2026-10-03 14:10:00,5856779,357383544
2026-10-03 14:15:00,65668854,791457651
2026-10-03 14:20:00,57189455,144269655
2026-10-03 14:25:00,789559054,464493332
2026-10-03 14:30:00,415952082,932508501
2026-10-03 14:35:00,290237783,400501813
2026-10-03 14:40:00,240738258,430018680
2026-10-03 14:45:00,678035482,338983941
2026-10-03 14:50:00,324739112,700364961
2026-10-03 14:55:00,571844433,406778787
2026-10-03 15:00:00,51408559,189212697
2026-10-03 15:05:00,988381839,30355731
2026-10-03 15:10:00,521557194,308219359
2026-10-03 15:15:00,898243232,113832434
2026-10-03 15:20:00,540067902,259139948
2026-10-03 15:25:00,410752889,912877478
2026-10-03 15:30:00,732459631,722251763
2026-10-03 15:35:00,818877664,535245518
2026-10-03 15:40:00,760525219,624885144
2026-10-03 15:45:00,537990912,175712211
2026-10-03 15:50:00,685921181,863877466
2026-10-03 15:55:00,686071222,920476950
2026-10-03 16:00:00,307518778,490491195
2026-10-03 16:05:00,430909604,49578447
2026-10-03 16:10:00,923065506,946575864
2026-10-03 16:15:00,804272770,309421101
2026-10-03 16:20:00,746268604,355950137
2026-10-03 16:25:00,125272869,691986551
2026-10-03 16:30:00,939341679,88395683
2026-10-03 16:35:00,11171195,765651983
2026-10-03 16:40:00,853745210,710891839
2026-10-03 16:45:00,330360932,547901338
2026-10-03 16:50:00,541557748,750808666
2026-10-03 16:55:00,239803515,199763201
2026-10-03 17:00:00,436711083,426532924
2026-10-03 17:05:00,268285388,367512796
2026-10-03 17:10:00,152117461,99258541
2026-10-03 17:15:00,377160198,666753175
2026-10-03 17:20:00,410997620,483999401
2026-10-03 17:25:00,960689261,933388946
2026-10-03 17:30:00,53416581,90521977
2026-10-03 17:35:00,694840098,511271558
2026-10-03 17:40:00,597370050,180542144
2026-10-03 17:45:00,116525119,576203330
2026-10-03 17:50:00,367638866,893903888
2026-10-03 17:55:00,394955389,950211411
2026-10-03 18:00:00,182175864,717750889
2026-10-03 18:05:00,543657360,792434544
2026-10-03 18:10:00,853486827,871677780
2026-10-03 18:15:00,801089529,742676833
2026-10-03 18:20:00,441488224,832505508
2026-10-03 18:25:00,673505145,824706866
2026-10-03 18:30:00,260372628,759492092
2026-10-03 18:35:00,919567876,997963323
2026-10-03 18:40:00,292423066,864895259
2026-10-03 18:45:00,417850009,613844673
2026-10-03 18:50:00,207520111,694949836
2026-10-03 18:55:00,393646543,945026081
2026-10-03 19:00:00,630032920,673319604
2026-10-03 19:05:00,858462872,931072045
2026-10-03 19:10:00,900401618,169619455
2026-10-03 19:15:00,880325375,56662964
2026-10-03 19:20:00,795612749,661262850
2026-10-03 19:25:00,568690066,514509577
2026-10-03 19:30:00,193043481,283126203
2026-10-03 19:35:00,585959112,110156309
2026-10-03 19:40:00,878454874,250479029
2026-10-03 19:45:00,330092070,454687271
2026-10-03 19:50:00,191325216,90424153
2026-10-03 19:55:00,513395373,621220134
2026-10-03 20:00:00,90935300,885750732
2026-10-03 20:05:00,353774440,445119987
2026-10-03 20:10:00,524761518,579224879
2026-10-03 20:15:00,860454880,77772490
2026-10-03 20:20:00,741029343,192179583
2026-10-03 20:25:00,166631688,828327746
2026-10-03 20:30:00,189550217,562358486
2026-10-03 20:35:00,678515914,698645047
2026-10-03 20:40:00,591451220,642384513
2026-10-03 20:45:00,923296146,365113124
2026-10-03 20:50:00,222020168,993839797
2026-10-03 20:55:00,569903182,118914271
2026-10-03 21:00:00,515360685,774357814
2026-10-03 21:05:00,917091396,455940481
2026-10-03 21:10:00,439699268,491193762
2026-10-03 21:15:00,218343690,394647472
2026-10-03 21:20:00,682865981,960963435
2026-10-03 21:25:00,346026804,104371877
2026-10-03 21:30:00,222986663,127871854
2026-10-03 21:35:00,602873197,291183650
2026-10-03 21:40:00,65529987,707910340
2026-10-03 21:45:00,908211484,198753714
2026-10-03 21:50:00,18277594,199374132
2026-10-03 21:55:00,884925271,724382211
2026-10-03 22:00:00,343696622,201470220
2026-10-03 22:05:00,791855621,484202964
2026-10-03 22:10:00,808402206,89246136
2026-10-03 22:15:00,194363858,205221192
2026-10-03 22:20:00,676504695,331261881
2026-10-03 22:25:00,536067975,295932576
2026-10-03 22:30:00,962277151,827223795
2026-10-03 22:35:00,203506213,365873317
2026-10-03 22:40:00,632487432,427152022
2026-10-03 22:45:00,850627082,676977924
2026-10-03 22:50:00,625606388,515685868
2026-10-03 22:55:00,661729353,2817267
2026-10-03 23:00:00,685779949,897398662
2026-10-03 23:05:00,968238876,746370791
2026-10-03 23:10:00,180742848,325181068
2026-10-03 23:15:00,947671351,82804885
2026-10-03 23:20:00,180004368,317224147
2026-10-03 23:25:00,256845459,460435685
2026-10-03 23:30:00,945223100,246196815
2026-10-03 23:35:00,437374362,588590132
2026-10-03 23:40:00,325254909,888315085
2026-10-03 23:45:00,810054070,217073009
2026-10-03 23:50:00,944727814,827187990
2026-10-03 23:55:00,380644277,634928687
