timestamp,ifInOctets,ifOutOctets
2026-10-03 00:00:00,1391525700,551040300
2026-10-03 00:05:00,3233526000,1034241300
2026-10-03 00:10:00,4768518000,1643822400
2026-10-03 00:15:00,6580174800,2194205400
2026-10-03 00:20:00,8361306300,2615405100
2026-10-03 00:25:00,9855927900,3090607200
2026-10-03 00:30:00,11488952400,3536938200
2026-10-03 00:35:00,13456858500,4459367100
2026-10-03 00:40:00,14999263200,4851836700
2026-10-03 00:45:00,16837992900,5373800400
2026-10-03 00:50:00,18646935600,5827977600
2026-10-03 00:55:00,20730810900,6270013500
2026-10-03 01:00:00,22795852500,6880388700
2026-10-03 01:05:00,24405108000,7458122400
2026-10-03 01:10:00,26280787800,8016560100
2026-10-03 01:15:00,28074444300,8525829000
2026-10-03 01:20:00,29731869600,9086239200
2026-10-03 01:25:00,31458094200,9648618900
2026-10-03 01:30:00,33158688900,10063482300
2026-10-03 01:35:00,34595339100,10470834000
2026-10-03 01:40:00,36105516900,10877841900
2026-10-03 01:45:00,37386208200,11300098800
2026-10-03 01:50:00,38599213200,11694096300
2026-10-03 01:55:00,39868273200,12039635400
2026-10-03 02:00:00,41093970000,12365950200
2026-10-03 02:05:00,42487758300,12805671900
2026-10-03 02:10:00,43933592400,13204626600
2026-10-03 02:15:00,46868496000,13599879000
2026-10-03 02:20:00,48451017600,13976673000
2026-10-03 02:25:00,49817943000,14396923200
2026-10-03 02:30:00,51277369200,14880411900
2026-10-03 02:35:00,52829642700,15378845100
2026-10-03 02:40:00,54199521000,15871235400
2026-10-03 02:45:00,55620030600,16317237900
2026-10-03 02:50:00,56972224800,16713171600
2026-10-03 02:55:00,58412433600,17216029200
2026-10-03 03:00:00,59578641000,17588310600
2026-10-03 03:05:00,61048900200,18072301800
2026-10-03 03:10:00,62625139500,18521814000
2026-10-03 03:15:00,64046314800,19027941600
2026-10-03 03:20:00,65665725300,19466542500
2026-10-03 03:25:00,67394067900,20069088000
2026-10-03 03:30:00,69235071600,20659006500
2026-10-03 03:35:00,71575917300,21338204100
2026-10-03 03:40:00,73969582200,21914228100
2026-10-03 03:45:00,76160657100,22582128900
2026-10-03 03:50:00,78571331400,23312511600
2026-10-03 03:55:00,80713824600,24099557400
2026-10-03 04:00:00,83710242600,25071394200
2026-10-03 04:05:00,86131232700,25900122900
2026-10-03 04:10:00,88664142900,26661237000
2026-10-03 04:15:00,91179527400,27436564500
2026-10-03 04:20:00,93607926600,28492290300
2026-10-03 04:25:00,96937447200,29295661500
2026-10-03 04:30:00,100393264800,30199898100
2026-10-03 04:35:00,103265093700,30998100300
2026-10-03 04:40:00,106556776200,32190594600
2026-10-03 04:45:00,109606977000,33410444400
2026-10-03 04:50:00,113466321900,34535894700
2026-10-03 04:55:00,118326146700,35704201500
2026-10-03 05:00:00,122812268700,36990348600
2026-10-03 05:05:00,127998264300,38279711100
2026-10-03 05:10:00,132380872200,39431891100
2026-10-03 05:15:00,140577579900,40552545000
2026-10-03 05:20:00,144732598500,41779057200
2026-10-03 05:25:00,149107696200,42871507200
2026-10-03 05:30:00,154412149800,44216836800
2026-10-03 05:35:00,158860350900,45491871000
2026-10-03 05:40:00,162724153500,46980658200
2026-10-03 05:45:00,168286061400,48172754700
2026-10-03 05:50:00,174195595500,49450328100
2026-10-03 05:55:00,180180178800,50968130400
2026-10-03 06:00:00,187047220500,52992958200
2026-10-03 06:05:00,194013490200,55319546100
2026-10-03 06:10:00,202442043000,57423351900
2026-10-03 06:15:00,225115591200,60101916900
2026-10-03 06:20:00,233557144500,62364826500
2026-10-03 06:25:00,244236682200,64983495900
2026-10-03 06:30:00,254748125100,68300834700
2026-10-03 06:35:00,264275014500,71626170300
2026-10-03 06:40:00,276269763900,74646559500
2026-10-03 06:45:00,287745660000,77119726200
2026-10-03 06:50:00,297589355100,80267101500
2026-10-03 06:55:00,309612476400,83216625000
2026-10-03 07:00:00,321928005300,86279404800
2026-10-03 07:05:00,335094132900,90113762400
2026-10-03 07:10:00,346061850300,93708059100
2026-10-03 07:15:00,359436521400,97057334400
2026-10-03 07:20:00,374622500700,101677387800
2026-10-03 07:25:00,390346538400,111853596000
2026-10-03 07:30:00,406820300100,116596598400
2026-10-03 07:35:00,423613365600,121430558700
2026-10-03 07:40:00,436398373800,125214488400
2026-10-03 07:45:00,450412243500,129094985400
2026-10-03 07:50:00,466744081800,133018719900
2026-10-03 07:55:00,481022208300,137476794600
2026-10-03 08:00:00,497301261000,141545706000
2026-10-03 08:05:00,509660865300,145653124200
2026-10-03 08:10:00,524193162900,149442064500
2026-10-03 08:15:00,535562485800,153624381900
2026-10-03 08:20:00,548940278400,157747922100
2026-10-03 08:25:00,561999663300,161280279300
2026-10-03 08:30:00,576135751800,165319180500
2026-10-03 08:35:00,589573351500,170765462400
2026-10-03 08:40:00,606347247900,175938674400
2026-10-03 08:45:00,627298888500,180879843300
2026-10-03 08:50:00,644445558600,185842558800
2026-10-03 08:55:00,662778038100,191435180700
2026-10-03 09:00:00,681433593900,196288898700
2026-10-03 09:05:00,702159555300,201914164200
2026-10-03 09:10:00,716664948000,208506045000
2026-10-03 09:15:00,735097491600,213859719900
2026-10-03 09:20:00,752670465000,219048521100
2026-10-03 09:25:00,790170465000,224260681200
2026-10-03 09:30:00,810730262400,231174645000
2026-10-03 09:35:00,834297875700,238117668900
2026-10-03 09:40:00,859847973300,244555549500
2026-10-03 09:45:00,884121382500,251793169200
2026-10-03 09:50:00,908112347400,260275894800
2026-10-03 09:55:00,933345765300,268734149700
2026-10-03 10:00:00,961510274400,278802674100
2026-10-03 10:05:00,989245330200,288245454900
2026-10-03 10:10:00,1020366769800,298299701100
2026-10-03 10:15:00,1049219402400,308960828400
2026-10-03 10:20:00,1081736704500,316750148100
2026-10-03 10:25:00,1110114408900,325692568200
2026-10-03 10:30:00,1140046315200,335361840300
2026-10-03 10:35:00,1167088662900,343522466100
2026-10-03 10:40:00,1197302951100,351880995600
2026-10-03 10:45:00,1222851810300,360918824100
2026-10-03 10:50:00,1253465278200,370425539700
2026-10-03 10:55:00,1280774013300,379392212700
2026-10-03 11:00:00,1305119694300,388290950700
2026-10-03 11:05:00,1336222110000,396297649800
2026-10-03 11:10:00,1364324317800,404403867600
2026-10-03 11:15:00,1393107059100,414036603000
2026-10-03 11:20:00,1418967497700,422713683900
2026-10-03 11:25:00,1442693081100,430558263900
2026-10-03 11:30:00,1472936688000,437703867900
2026-10-03 11:35:00,1496003817300,445728451800
2026-10-03 11:40:00,1523300090100,454522757400
2026-10-03 11:45:00,1546891229100,462166552500
2026-10-03 11:50:00,1572712905600,468917911800
2026-10-03 11:55:00,1597881949500,476809583100
2026-10-03 12:00:00,1615635649800,483475439400
2026-10-03 12:05:00,1638784767900,490302343500
2026-10-03 12:10:00,1667508298500,497073024000
2026-10-03 12:15:00,1694443460400,504907048200
2026-10-03 12:20:00,1719309519300,513641411700
2026-10-03 12:25:00,1751228849700,521718563700
2026-10-03 12:30:00,1784687576700,530913879000
2026-10-03 12:35:00,1817091507300,540551044800
2026-10-03 12:40:00,1850377590300,551696574600
2026-10-03 12:45:00,1881727354800,560008788000
2026-10-03 12:50:00,1910299409100,567818481000
2026-10-03 12:55:00,1943957667000,576506113500
2026-10-03 13:00:00,1972244459100,586797201900
2026-10-03 13:05:00,2004099164700,594675263100
2026-10-03 13:10:00,2036184688500,603167866500
2026-10-03 13:15:00,2065529638500,613098959100
2026-10-03 13:20:00,2100631141200,620701921800
2026-10-03 13:25:00,2129207924400,629145903900
2026-10-03 13:30:00,2164527483600,652300173600
2026-10-03 13:35:00,2195315444100,663449741400
2026-10-03 13:40:00,2232018564000,673221943800
2026-10-03 13:45:00,2267275644600,683196988500
2026-10-03 13:50:00,2295265632900,694265613300
2026-10-03 13:55:00,2323640164500,705108064800
2026-10-03 14:00:00,2354802227400,714034982100
2026-10-03 14:05:00,2383311042600,722670366600
2026-10-03 14:10:00,2409867965700,731676803100
2026-10-03 14:15:00,2435016614700,738987954600
2026-10-03 14:20:00,2453443548600,745479190200
2026-10-03 14:25:00,2475217134600,751074025800
2026-10-03 14:30:00,2495929845600,756476439300
2026-10-03 14:35:00,2518105087200,762460510200
2026-10-03 14:40:00,2538793222500,768548501700
2026-10-03 14:45:00,2560475411400,774345551400
2026-10-03 14:50:00,2579796503100,780952086900
2026-10-03 14:55:00,2599281180000,786406360500
2026-10-03 15:00:00,2622528527100,792689895900
2026-10-03 15:05:00,2642762344500,798728448600
2026-10-03 15:10:00,2663178276600,804911186700
2026-10-03 15:15:00,2681263448100,810063664200
2026-10-03 15:20:00,2701657483500,815051776500
2026-10-03 15:25:00,2720997367200,820795373100
2026-10-03 15:30:00,2738632393800,826044253500
2026-10-03 15:35:00,2754666789000,831269408400
2026-10-03 15:40:00,2770847937900,835967101200
2026-10-03 15:45:00,2786420595300,841173936600
2026-10-03 15:50:00,2804332542000,845494753800
2026-10-03 15:55:00,2818931412300,849965077500
2026-10-03 16:00:00,2834744434500,855609846300
2026-10-03 16:05:00,2869275442200,860787443100
2026-10-03 16:10:00,2884557978300,866056715100
2026-10-03 16:15:00,2903075949600,871863681000
2026-10-03 16:20:00,2921333008500,876313053000
2026-10-03 16:25:00,2936747061900,881996184900
2026-10-03 16:30:00,2950966314000,886763289000
2026-10-03 16:35:00,2968811164800,899272583400
2026-10-03 16:40:00,2983445924400,903843105300
2026-10-03 16:45:00,2998299328800,907894202100
2026-10-03 16:50:00,3008940000300,911900305200
2026-10-03 16:55:00,3020288831100,915413191800
2026-10-03 17:00:00,3032557152300,918839234100
2026-10-03 17:05:00,3044930639400,922453036500
2026-10-03 17:10:00,3055913279400,925406531100
2026-10-03 17:15:00,3065513918400,928590364800
2026-10-03 17:20:00,3074684535000,931500913200
2026-10-03 17:25:00,3084246688200,934579823100
2026-10-03 17:30:00,3093445803000,936917173500
2026-10-03 17:35:00,3102600700200,939748267200
2026-10-03 17:40:00,3111836764200,942707939100
2026-10-03 17:45:00,3119816562300,944852722500
2026-10-03 17:50:00,3127620429300,946785474000
2026-10-03 17:55:00,3133995347100,948762839400
2026-10-03 18:00:00,3140091125100,950252612100
2026-10-03 18:05:00,3145656401400,951799593000
2026-10-03 18:10:00,3150160200600,953160766500
2026-10-03 18:15:00,3155586110100,954632090700
2026-10-03 18:20:00,3161012350800,956143341600
2026-10-03 18:25:00,3165545011500,957526732500
2026-10-03 18:30:00,3170825283600,959111352900
2026-10-03 18:35:00,3176447112900,960747061800
2026-10-03 18:40:00,3180850839600,962344333500
2026-10-03 18:45:00,3185231900400,963921355800
2026-10-03 18:50:00,3189840742200,965618544300
2026-10-03 18:55:00,3194072627400,967031108700
2026-10-03 19:00:00,3198893507100,968271004800
2026-10-03 19:05:00,3203183424000,969344054700
2026-10-03 19:10:00,3207229611900,970432581900
2026-10-03 19:15:00,3214599189000,971571165900
2026-10-03 19:20:00,3218509281300,972542030700
2026-10-03 19:25:00,3222372241500,973418997600
2026-10-03 19:30:00,3226033719900,974513831400
2026-10-03 19:35:00,3229318407900,975466534200
2026-10-03 19:40:00,3231764911200,976301814000
2026-10-03 19:45:00,3234295174800,977179299600
2026-10-03 19:50:00,3237272000400,977861201100
2026-10-03 19:55:00,3240383153100,978749051100
2026-10-03 20:00:00,3243007755900,979520225100
2026-10-03 20:05:00,3245089979400,980339909400
2026-10-03 20:10:00,3247620803400,980972889900
2026-10-03 20:15:00,3249726792000,981498912900
2026-10-03 20:20:00,3251769273000,982099073700
2026-10-03 20:25:00,3253467377100,982656985800
2026-10-03 20:30:00,3255070539000,983066311800
2026-10-03 20:35:00,3256331822400,983405013300
2026-10-03 20:40:00,3257569176600,983773963800
2026-10-03 20:45:00,3258651906900,984113917200
2026-10-03 20:50:00,3259898871300,984473348400
2026-10-03 20:55:00,3260818270800,984846096600
2026-10-03 21:00:00,3261861729600,985148193000
2026-10-03 21:05:00,3263054878500,985509657900
2026-10-03 21:10:00,3264565629000,985945923300
2026-10-03 21:15:00,3265765422600,986338021200
2026-10-03 21:20:00,3268839453000,986735447100
2026-10-03 21:25:00,3270279104400,987130008900
2026-10-03 21:30:00,3271813950300,987490004700
2026-10-03 21:35:00,3273316653300,987846491400
2026-10-03 21:40:00,3274452311100,988286862900
2026-10-03 21:45:00,3275881716300,988719012000
2026-10-03 21:50:00,3276966073200,989087509200
2026-10-03 21:55:00,3278100583800,989505723900
2026-10-03 22:00:00,3279414416100,989847111000
2026-10-03 22:05:00,3280911937200,990193000500
2026-10-03 22:10:00,3282183618900,990605273400
2026-10-03 22:15:00,3283614398100,991129148400
2026-10-03 22:20:00,3285380394000,991684176900
2026-10-03 22:25:00,3287229674700,992192497500
2026-10-03 22:30:00,3288838128900,992627697900
2026-10-03 22:35:00,3290746951500,993135857400
2026-10-03 22:40:00,3292442077800,993594292200
2026-10-03 22:45:00,3294280581300,994093387200
2026-10-03 22:50:00,3295783800900,994671714600
2026-10-03 22:55:00,3297539027100,995232808800
2026-10-03 23:00:00,3299020941000,995765536200
2026-10-03 23:05:00,3300777436500,996239389500
2026-10-03 23:10:00,3302314667700,996726262500
2026-10-03 23:15:00,3303826107000,997157178300
2026-10-03 23:20:00,3305084244000,997667429100
2026-10-03 23:25:00,3306527352000,998084173500
2026-10-03 23:30:00,3308035647300,998414196000
2026-10-03 23:35:00,3309556802100,998858886900
2026-10-03 23:40:00,3311394978300,999245026800
2026-10-03 23:45:00,3312766377000,999648001800
2026-10-03 23:50:00,3314948290500,1000134604500
2026-10-03 23:55:00,3316380452700,1000544134200
